{
  "name": "core-overlay",
  "private": true,
  "dependencies": {
    "polymer": "Polymer/polymer#>=0.4.0 <1.0.0",
    "core-transition": "Polymer/core-transition#>=0.4.0 <1.0.0"
  },
  "homepage": "https://github.com/Polymer/core-overlay",
  "version": "0.4.0",
  "_release": "0.4.0",
  "_resolution": {
    "type": "version",
    "tag": "0.4.0",
    "commit": "dbb1c5198bbec6809c7001bc7ab123c3e7916b04"
  },
  "_source": "git://github.com/Polymer/core-overlay.git",
  "_target": "*",
  "_originalSource": "Polymer/core-overlay"
}