{
  "name": "core-icon",
  "private": true,
  "dependencies": {
    "core-iconset": "Polymer/core-iconset#>=0.4.0 <1.0.0",
    "core-icons": "Polymer/core-icons#>=0.4.0 <1.0.0"
  },
  "homepage": "https://github.com/Polymer/core-icon",
  "version": "0.4.0",
  "_release": "0.4.0",
  "_resolution": {
    "type": "version",
    "tag": "0.4.0",
    "commit": "504db77b4c47c7ca07811bf7503b4d68b1757bd2"
  },
  "_source": "git://github.com/Polymer/core-icon.git",
  "_target": ">=0.4.0 <1.0.0",
  "_originalSource": "Polymer/core-icon"
}