{
  "name": "core-header-panel",
  "private": true,
  "dependencies": {
    "polymer": "Polymer/polymer#>=0.4.0 <1.0.0"
  },
  "homepage": "https://github.com/Polymer/core-header-panel",
  "version": "0.4.0",
  "_release": "0.4.0",
  "_resolution": {
    "type": "version",
    "tag": "0.4.0",
    "commit": "99b13d903686a1e5d94f980a3e4b9772ce1ce48e"
  },
  "_source": "git://github.com/Polymer/core-header-panel.git",
  "_target": ">=0.3.0  <1.0.0",
  "_originalSource": "Polymer/core-header-panel"
}