{
  "name": "core-icon-button",
  "private": true,
  "dependencies": {
    "core-icons": "Polymer/core-icons#>=0.4.0 <1.0.0"
  },
  "homepage": "https://github.com/Polymer/core-icon-button",
  "version": "0.4.0",
  "_release": "0.4.0",
  "_resolution": {
    "type": "version",
    "tag": "0.4.0",
    "commit": "5714fcddd0be5a3f6fa5e539482c41ec4ac206df"
  },
  "_source": "git://github.com/Polymer/core-icon-button.git",
  "_target": ">=0.3.0 <1.0.0",
  "_originalSource": "Polymer/core-icon-button"
}