{
  "name": "core-menu",
  "private": true,
  "dependencies": {
    "core-selector": "Polymer/core-selector#>=0.4.0 <1.0.0",
    "core-collapse": "Polymer/core-collapse#>=0.4.0 <1.0.0",
    "core-item": "Polymer/core-item#>=0.4.0 <1.0.0"
  },
  "homepage": "https://github.com/Polymer/core-menu",
  "version": "0.4.0",
  "_release": "0.4.0",
  "_resolution": {
    "type": "version",
    "tag": "0.4.0",
    "commit": "e34f5318e6c16dfb30a52fa5686694299b1dcb75"
  },
  "_source": "git://github.com/Polymer/core-menu.git",
  "_target": "*",
  "_originalSource": "Polymer/core-menu"
}