{
  "name": "platform",
  "main": "platform.js",
  "homepage": "https://github.com/Polymer/platform",
  "authors": [
    "The Polymer Authors"
  ],
  "description": "Integrate platform polyfills: load, build, test",
  "keywords": [
    "polymer",
    "web",
    "components"
  ],
  "license": "BSD",
  "private": true,
  "version": "0.4.0",
  "_release": "0.4.0",
  "_resolution": {
    "type": "version",
    "tag": "0.4.0",
    "commit": "23a68c070a3f0ad75a6ded3949021f4b30c9a81a"
  },
  "_source": "git://github.com/Polymer/platform.git",
  "_target": ">=0.4.0 <1.0.0",
  "_originalSource": "Polymer/platform"
}