{
  "name": "core-iconset-svg",
  "private": true,
  "dependencies": {
    "polymer": "Polymer/polymer#>=0.4.0 <1.0.0",
    "core-iconset": "Polymer/core-iconset#>=0.4.0 <1.0.0"
  },
  "homepage": "https://github.com/Polymer/core-iconset-svg",
  "version": "0.4.0",
  "_release": "0.4.0",
  "_resolution": {
    "type": "version",
    "tag": "0.4.0",
    "commit": "b00855a3f9aacde8071ff2ff41868a5bd9d62e8e"
  },
  "_source": "git://github.com/Polymer/core-iconset-svg.git",
  "_target": ">=0.4.0 <1.0.0",
  "_originalSource": "Polymer/core-iconset-svg"
}