{
  "name": "core-drawer-panel",
  "private": true,
  "dependencies": {
    "core-selector": "Polymer/core-selector#>=0.4.0 <1.0.0",
    "core-media-query": "Polymer/core-media-query#>=0.4.0 <1.0.0"
  },
  "homepage": "https://github.com/Polymer/core-drawer-panel",
  "version": "0.4.0",
  "_release": "0.4.0",
  "_resolution": {
    "type": "version",
    "tag": "0.4.0",
    "commit": "ca3a91d662043a3efbc784d2bf2a5aeaf2514d0e"
  },
  "_source": "git://github.com/Polymer/core-drawer-panel.git",
  "_target": ">=0.3.0  <1.0.0",
  "_originalSource": "Polymer/core-drawer-panel"
}