{
  "name": "core-selector",
  "private": true,
  "dependencies": {
    "polymer": "Polymer/polymer#>=0.4.0 <1.0.0",
    "core-selection": "Polymer/core-selection#>=0.4.0 <1.0.0"
  },
  "homepage": "https://github.com/Polymer/core-selector",
  "version": "0.4.0",
  "_release": "0.4.0",
  "_resolution": {
    "type": "version",
    "tag": "0.4.0",
    "commit": "9f1a59362503129864cffbdc89d94ceebee8c8b8"
  },
  "_source": "git://github.com/Polymer/core-selector.git",
  "_target": ">=0.3.0 <1.0.0",
  "_originalSource": "Polymer/core-selector"
}