{
  "name": "paper-button",
  "private": true,
  "dependencies": {
    "polymer": "Polymer/polymer#>=0.4.0 <1.0.0",
    "core-icon": "Polymer/core-icon#>=0.4.0 <1.0.0",
    "paper-focusable": "Polymer/paper-focusable#>=0.4.0 <1.0.0",
    "paper-ripple": "Polymer/paper-ripple#>=0.4.0 <1.0.0",
    "paper-shadow": "Polymer/paper-shadow#>=0.4.0 <1.0.0"
  },
  "homepage": "https://github.com/Polymer/paper-button",
  "version": "0.4.0",
  "_release": "0.4.0",
  "_resolution": {
    "type": "version",
    "tag": "0.4.0",
    "commit": "9020fdf0cbac459ad1b3ed3676bab09acc3b4a78"
  },
  "_source": "git://github.com/Polymer/paper-button.git",
  "_target": ">=0.3.0 <1.0.0",
  "_originalSource": "Polymer/paper-button"
}