{
  "name": "paper-ripple",
  "private": true,
  "dependencies": {
    "core-icon": "Polymer/core-icon#>=0.4.0 <1.0.0",
    "core-icons": "Polymer/core-icons#>=0.4.0 <1.0.0",
    "font-roboto": "Polymer/font-roboto#>=0.4.0 <1.0.0"
  },
  "homepage": "https://github.com/Polymer/paper-ripple",
  "version": "0.4.0",
  "_release": "0.4.0",
  "_resolution": {
    "type": "version",
    "tag": "0.4.0",
    "commit": "5a33f9e032614707e70613dddaa246b46b46ed30"
  },
  "_source": "git://github.com/Polymer/paper-ripple.git",
  "_target": ">=0.3.0 <1.0.0",
  "_originalSource": "Polymer/paper-ripple"
}