{
  "name": "core-item",
  "private": true,
  "dependencies": {
    "core-icon": "Polymer/core-icon#>=0.4.0 <1.0.0",
    "core-icons": "Polymer/core-icons#>=0.4.0 <1.0.0"
  },
  "homepage": "https://github.com/Polymer/core-item",
  "version": "0.4.0",
  "_release": "0.4.0",
  "_resolution": {
    "type": "version",
    "tag": "0.4.0",
    "commit": "a0529059a9ce2699fa5785a469392ff0bb28c4ec"
  },
  "_source": "git://github.com/Polymer/core-item.git",
  "_target": ">=0.3.0  <1.0.0",
  "_originalSource": "Polymer/core-item"
}